Test,Open,High,Low,Close 
Test1,31,31.4,28.42,29.67
Test2,24.66,24.870001,23.84,24
Test3,32.02,32.66,31.5,32.09
Test4,41.799999,41.830002,40.330002,40.5
Test5,177.229996,182.380005,173.419998,181.5
Test6,234.490005,246.690002,228.5,241.220001
Test7,230.520004,230.899994,219.119995,220.029999
Test8,227.389999,227.970001,218.419998,218.789993
Test9,277.019989,280.679993,275,277.450012
Test10,335.23999,344.809998,333.26001,337.950012